{"cameraMode":{"drawMode":0,"name":"Shaded","section":"Shading Mode"},"sceneLighting":false,"audioPlay":false,"sceneViewState":{"showFog":true,"showMaterialUpdate":false,"showSkybox":true,"showFlares":true,"showImageEffects":true,"showParticleSystems":true},"in2DMode":false,"pivot":{"x":-8.8486328125,"y":29.313129425048829,"z":-9.807513236999512},"rotation":{"x":-0.4250919222831726,"y":-0.4802565276622772,"z":0.2868996560573578,"w":-0.7115750908851624},"size":5.609663009643555,"orthographic":true}