{"cameraMode":{"drawMode":0,"name":"Shaded","section":"Shading Mode"},"sceneLighting":true,"audioPlay":false,"sceneViewState":{"showFog":true,"showMaterialUpdate":false,"showSkybox":true,"showFlares":true,"showImageEffects":true,"showParticleSystems":true},"in2DMode":false,"pivot":{"x":-5.603140830993652,"y":28.424663543701173,"z":2.9842512607574465},"rotation":{"x":-0.14978572726249696,"y":-0.505979597568512,"z":0.08972062170505524,"w":-0.8446887731552124},"size":6.300032615661621,"orthographic":true}