{"cameraMode":{"drawMode":0,"name":"Shaded","section":"Shading Mode"},"sceneLighting":false,"audioPlay":false,"sceneViewState":{"showFog":true,"showMaterialUpdate":false,"showSkybox":true,"showFlares":true,"showImageEffects":true,"showParticleSystems":true},"in2DMode":false,"pivot":{"x":0.12864089012145997,"y":21.5,"z":-16.899999618530275},"rotation":{"x":-0.4250919222831726,"y":-0.4802565276622772,"z":0.2868996560573578,"w":-0.7115750908851624},"size":17.395851135253908,"orthographic":true}